{"Mean":{"confidence_interval":{"confidence_level":0.95,"lower_bound":775054.9190697779,"upper_bound":781550.0200434434},"point_estimate":777969.6173889312,"standard_error":1671.8625553623829},"Median":{"confidence_interval":{"confidence_level":0.95,"lower_bound":771026.0966709347,"upper_bound":773770.125},"point_estimate":772214.248655914,"standard_error":694.5380460473399},"MedianAbsDev":{"confidence_interval":{"confidence_level":0.95,"lower_bound":3885.860598265647,"upper_bound":7794.237051201663},"point_estimate":5562.305726622506,"standard_error":954.9894524832131},"Slope":{"confidence_interval":{"confidence_level":0.95,"lower_bound":773712.4311652434,"upper_bound":779824.0882628533},"point_estimate":776506.7727176001,"standard_error":1572.499378287547},"StdDev":{"confidence_interval":{"confidence_level":0.95,"lower_bound":9700.063525355536,"upper_bound":24350.038914387784},"point_estimate":16839.3238093819,"standard_error":4255.75602732964}}