{"Mean":{"confidence_interval":{"confidence_level":0.95,"lower_bound":1233247.787419487,"upper_bound":1277026.333831527},"point_estimate":1252954.1774060754,"standard_error":11217.148293744593},"Median":{"confidence_interval":{"confidence_level":0.95,"lower_bound":1205692.8,"upper_bound":1220624.092293907},"point_estimate":1211172.7452380953,"standard_error":3806.144823599313},"MedianAbsDev":{"confidence_interval":{"confidence_level":0.95,"lower_bound":16419.69171783286,"upper_bound":39538.65213067147},"point_estimate":25213.009598000186,"standard_error":5752.267003984393},"Slope":{"confidence_interval":{"confidence_level":0.95,"lower_bound":1214077.2590889614,"upper_bound":1235788.158100412},"point_estimate":1224177.2819595095,"standard_error":5580.471444402221},"StdDev":{"confidence_interval":{"confidence_level":0.95,"lower_bound":64209.703667341484,"upper_bound":159200.2394574573},"point_estimate":112481.26553998233,"standard_error":25071.190596654167}}