{"Mean":{"confidence_interval":{"confidence_level":0.95,"lower_bound":-0.030652543448382353,"upper_bound":0.02349562273058672},"point_estimate":-0.004215364348370887,"standard_error":0.01379246240368753},"Median":{"confidence_interval":{"confidence_level":0.95,"lower_bound":-0.008681533935122276,"upper_bound":0.011883427012227665},"point_estimate":0.004362403678339177,"standard_error":0.004623132128799967}}