{"Mean":{"confidence_interval":{"confidence_level":0.95,"lower_bound":909577.5527739618,"upper_bound":922445.5888183966},"point_estimate":915731.1415096091,"standard_error":3273.3953234765822},"Median":{"confidence_interval":{"confidence_level":0.95,"lower_bound":897210.1701030928,"upper_bound":908696.625},"point_estimate":899976.0412202381,"standard_error":2788.1373970642785},"MedianAbsDev":{"confidence_interval":{"confidence_level":0.95,"lower_bound":11516.386213923455,"upper_bound":27214.600015926313},"point_estimate":16565.6296791783,"standard_error":3815.3005665001447},"Slope":{"confidence_interval":{"confidence_level":0.95,"lower_bound":914744.7150456225,"upper_bound":934076.6376397224},"point_estimate":923987.4569425151,"standard_error":4926.616352238008},"StdDev":{"confidence_interval":{"confidence_level":0.95,"lower_bound":26203.92011287528,"upper_bound":38781.89550134562},"point_estimate":32829.757298446304,"standard_error":3209.298020313972}}