{"Mean":{"confidence_interval":{"confidence_level":0.95,"lower_bound":2371171.621231367,"upper_bound":2417607.481139769},"point_estimate":2393124.3570639924,"standard_error":11873.52151562886},"Median":{"confidence_interval":{"confidence_level":0.95,"lower_bound":2330430.325,"upper_bound":2358584.182154605},"point_estimate":2340229.4876373624,"standard_error":6563.019971237107},"MedianAbsDev":{"confidence_interval":{"confidence_level":0.95,"lower_bound":25880.15864155357,"upper_bound":66155.42184480617},"point_estimate":40860.46238994645,"standard_error":10391.117933755046},"Slope":{"confidence_interval":{"confidence_level":0.95,"lower_bound":2346351.8396801176,"upper_bound":2371904.722130219},"point_estimate":2358476.2156967637,"standard_error":6526.551295660578},"StdDev":{"confidence_interval":{"confidence_level":0.95,"lower_bound":86301.00693627284,"upper_bound":150160.20120029777},"point_estimate":119738.53329571105,"standard_error":16408.02881748987}}