{"Mean":{"confidence_interval":{"confidence_level":0.95,"lower_bound":14773151.84001165,"upper_bound":14872166.152303882},"point_estimate":14819563.435648235,"standard_error":25352.760447180535},"Median":{"confidence_interval":{"confidence_level":0.95,"lower_bound":14731703.55,"upper_bound":14810834.26909091},"point_estimate":14770802.154865967,"standard_error":20460.900266093675},"MedianAbsDev":{"confidence_interval":{"confidence_level":0.95,"lower_bound":111404.42620710643,"upper_bound":189190.55614767244},"point_estimate":144235.74080502064,"standard_error":19871.45112089731},"Slope":{"confidence_interval":{"confidence_level":0.95,"lower_bound":14766232.386674862,"upper_bound":14831562.034147304},"point_estimate":14797400.74973548,"standard_error":16650.61723434337},"StdDev":{"confidence_interval":{"confidence_level":0.95,"lower_bound":169017.85712276946,"upper_bound":327787.0422820739},"point_estimate":254545.2618126024,"standard_error":40620.61337080383}}