{"Mean":{"confidence_interval":{"confidence_level":0.95,"lower_bound":-0.004235038087601831,"upper_bound":0.0219317848131211},"point_estimate":0.00899006864345231,"standard_error":0.006694696239607766},"Median":{"confidence_interval":{"confidence_level":0.95,"lower_bound":-0.0034730250870014245,"upper_bound":0.013060783842688384},"point_estimate":0.003362127360668099,"standard_error":0.004162139338239368}}