{"Mean":{"confidence_interval":{"confidence_level":0.95,"lower_bound":131.4711600518106,"upper_bound":132.4244356943271},"point_estimate":131.91501094278735,"standard_error":0.2437827315871716},"Median":{"confidence_interval":{"confidence_level":0.95,"lower_bound":130.91408905181962,"upper_bound":131.38068674865954},"point_estimate":131.15034027751327,"standard_error":0.10879863776996933},"MedianAbsDev":{"confidence_interval":{"confidence_level":0.95,"lower_bound":0.8211422158366832,"upper_bound":1.4969486190721875},"point_estimate":1.1369185930588566,"standard_error":0.16579612270126132},"Slope":{"confidence_interval":{"confidence_level":0.95,"lower_bound":131.50339418058448,"upper_bound":132.56123899616023},"point_estimate":132.00650811580817,"standard_error":0.2709485721644802},"StdDev":{"confidence_interval":{"confidence_level":0.95,"lower_bound":1.6035026385677935,"upper_bound":3.225149698164734},"point_estimate":2.44405669945011,"standard_error":0.4194725636279423}}